<?xml version="1.0" encoding="UTF-8"?>

<!-- This is a generated file, and should not be modified by the user.
     To modify a deployment configuration, use the Configure and Deploy 
     wizard and select the name of the existing deployment configuration. -->

<deploymentConfiguration>
	<environment>
		<server name="cisDev" >
			<local/> 
			<role>development</role>
			<adminToolkitLocation>C:\IBM\ODMInsights88\runtime\ia\bin</adminToolkitLocation>
			<secureStoragePath>deploy</secureStoragePath>
		</server>
	</environment>
</deploymentConfiguration>